<?xml version="1.0" encoding="UTF-8" ?>
<XMLDB PATH="local/courseschedule/db" VERSION="20220423" COMMENT="XMLDB file for local courseschedulling"
    xmlns:xsi="http://www.w3.org/2001/XMLSchema-instance"
    xsi:noNamespaceSchemaLocation="../../../lib/xmldb/xmldb.xsd"
>
  <TABLES>
    <TABLE NAME="local_courseschedule" COMMENT="each record is a courseschedule">
      <FIELDS>
        <FIELD NAME="id" TYPE="int" LENGTH="10" NOTNULL="true" SEQUENCE="true"/>
        <FIELD NAME="sched_code" TYPE="int" LENGTH="9" NOTNULL="true" SEQUENCE="false"/>
        <FIELD NAME="course_code" TYPE="text" NOTNULL="true" SEQUENCE="false"/>
        <FIELD NAME="course_description" TYPE="text" NOTNULL="true" SEQUENCE="false"/>
        <FIELD NAME="unit" TYPE="int" LENGTH="2" NOTNULL="true" SEQUENCE="false"/>
        <FIELD NAME="time" TYPE="text" NOTNULL="true" SEQUENCE="false"/>
        <FIELD NAME="day" TYPE="text" NOTNULL="true" SEQUENCE="false"/>
        <FIELD NAME="room" TYPE="text" NOTNULL="true" SEQUENCE="false"/>
        
      </FIELDS>
      <KEYS>
        <KEY NAME="primary" TYPE="primary" FIELDS="id"/>
      </KEYS>
    </TABLE>
  </TABLES>
</XMLDB>
